--------------------------------------------------------
--  File created - Sunday-November-05-2017   
--------------------------------------------------------
REM INSERTING into ANSWERSNEW
SET DEFINE OFF;
Insert into ANSWERSNEW (A_ID,Q_ID,ANSWER,IS_CORRECT) values (12,5,'20',1);
Insert into ANSWERSNEW (A_ID,Q_ID,ANSWER,IS_CORRECT) values (13,5,'30',0);
Insert into ANSWERSNEW (A_ID,Q_ID,ANSWER,IS_CORRECT) values (1,42,'dsa',1);
Insert into ANSWERSNEW (A_ID,Q_ID,ANSWER,IS_CORRECT) values (2,42,'da',0);
Insert into ANSWERSNEW (A_ID,Q_ID,ANSWER,IS_CORRECT) values (3,42,'sad',0);
Insert into ANSWERSNEW (A_ID,Q_ID,ANSWER,IS_CORRECT) values (4,42,'sas',0);
Insert into ANSWERSNEW (A_ID,Q_ID,ANSWER,IS_CORRECT) values (1,62,'a',1);
Insert into ANSWERSNEW (A_ID,Q_ID,ANSWER,IS_CORRECT) values (2,62,'b',0);
Insert into ANSWERSNEW (A_ID,Q_ID,ANSWER,IS_CORRECT) values (3,62,'c',0);
Insert into ANSWERSNEW (A_ID,Q_ID,ANSWER,IS_CORRECT) values (4,62,'d',0);
Insert into ANSWERSNEW (A_ID,Q_ID,ANSWER,IS_CORRECT) values (1,82,'1',1);
Insert into ANSWERSNEW (A_ID,Q_ID,ANSWER,IS_CORRECT) values (2,82,'2',0);
Insert into ANSWERSNEW (A_ID,Q_ID,ANSWER,IS_CORRECT) values (3,82,'3',0);
Insert into ANSWERSNEW (A_ID,Q_ID,ANSWER,IS_CORRECT) values (4,82,'4',0);
Insert into ANSWERSNEW (A_ID,Q_ID,ANSWER,IS_CORRECT) values (1,83,'aer',1);
Insert into ANSWERSNEW (A_ID,Q_ID,ANSWER,IS_CORRECT) values (2,83,'ier',0);
Insert into ANSWERSNEW (A_ID,Q_ID,ANSWER,IS_CORRECT) values (3,83,'iier',0);
Insert into ANSWERSNEW (A_ID,Q_ID,ANSWER,IS_CORRECT) values (4,83,'iiier',0);
Insert into ANSWERSNEW (A_ID,Q_ID,ANSWER,IS_CORRECT) values (1,102,'DBMSystem',1);
Insert into ANSWERSNEW (A_ID,Q_ID,ANSWER,IS_CORRECT) values (2,102,'a',0);
Insert into ANSWERSNEW (A_ID,Q_ID,ANSWER,IS_CORRECT) values (3,102,'b',0);
Insert into ANSWERSNEW (A_ID,Q_ID,ANSWER,IS_CORRECT) values (4,102,'c',0);
Insert into ANSWERSNEW (A_ID,Q_ID,ANSWER,IS_CORRECT) values (1,71,'5',1);
Insert into ANSWERSNEW (A_ID,Q_ID,ANSWER,IS_CORRECT) values (2,71,'1',0);
Insert into ANSWERSNEW (A_ID,Q_ID,ANSWER,IS_CORRECT) values (3,71,'2',0);
Insert into ANSWERSNEW (A_ID,Q_ID,ANSWER,IS_CORRECT) values (4,71,'3',0);
Insert into ANSWERSNEW (A_ID,Q_ID,ANSWER,IS_CORRECT) values (1,72,'5',1);
Insert into ANSWERSNEW (A_ID,Q_ID,ANSWER,IS_CORRECT) values (2,72,'2',0);
Insert into ANSWERSNEW (A_ID,Q_ID,ANSWER,IS_CORRECT) values (3,72,'5',0);
Insert into ANSWERSNEW (A_ID,Q_ID,ANSWER,IS_CORRECT) values (4,72,'6',0);
Insert into ANSWERSNEW (A_ID,Q_ID,ANSWER,IS_CORRECT) values (9,4,'a',0);
Insert into ANSWERSNEW (A_ID,Q_ID,ANSWER,IS_CORRECT) values (10,4,'b',0);
Insert into ANSWERSNEW (A_ID,Q_ID,ANSWER,IS_CORRECT) values (11,4,'c',1);
Insert into ANSWERSNEW (A_ID,Q_ID,ANSWER,IS_CORRECT) values (1,41,'A',1);
Insert into ANSWERSNEW (A_ID,Q_ID,ANSWER,IS_CORRECT) values (2,41,'B',0);
Insert into ANSWERSNEW (A_ID,Q_ID,ANSWER,IS_CORRECT) values (3,41,'C',0);
Insert into ANSWERSNEW (A_ID,Q_ID,ANSWER,IS_CORRECT) values (4,41,'D',0);
Insert into ANSWERSNEW (A_ID,Q_ID,ANSWER,IS_CORRECT) values (1,64,'a',1);
Insert into ANSWERSNEW (A_ID,Q_ID,ANSWER,IS_CORRECT) values (2,64,'b',0);
Insert into ANSWERSNEW (A_ID,Q_ID,ANSWER,IS_CORRECT) values (3,64,'c',0);
Insert into ANSWERSNEW (A_ID,Q_ID,ANSWER,IS_CORRECT) values (4,64,'d',0);
Insert into ANSWERSNEW (A_ID,Q_ID,ANSWER,IS_CORRECT) values (1,1,'a',1);
Insert into ANSWERSNEW (A_ID,Q_ID,ANSWER,IS_CORRECT) values (2,1,'b',0);
Insert into ANSWERSNEW (A_ID,Q_ID,ANSWER,IS_CORRECT) values (3,1,'c',0);
Insert into ANSWERSNEW (A_ID,Q_ID,ANSWER,IS_CORRECT) values (4,2,'a',0);
Insert into ANSWERSNEW (A_ID,Q_ID,ANSWER,IS_CORRECT) values (5,2,'b',1);
Insert into ANSWERSNEW (A_ID,Q_ID,ANSWER,IS_CORRECT) values (6,3,'a',0);
Insert into ANSWERSNEW (A_ID,Q_ID,ANSWER,IS_CORRECT) values (7,3,'b',0);
Insert into ANSWERSNEW (A_ID,Q_ID,ANSWER,IS_CORRECT) values (8,3,'c',1);
Insert into ANSWERSNEW (A_ID,Q_ID,ANSWER,IS_CORRECT) values (1,61,'a',1);
Insert into ANSWERSNEW (A_ID,Q_ID,ANSWER,IS_CORRECT) values (2,61,'b',0);
Insert into ANSWERSNEW (A_ID,Q_ID,ANSWER,IS_CORRECT) values (3,61,'c',0);
Insert into ANSWERSNEW (A_ID,Q_ID,ANSWER,IS_CORRECT) values (4,61,'d',0);
Insert into ANSWERSNEW (A_ID,Q_ID,ANSWER,IS_CORRECT) values (1,63,'a',1);
Insert into ANSWERSNEW (A_ID,Q_ID,ANSWER,IS_CORRECT) values (2,63,'b',0);
Insert into ANSWERSNEW (A_ID,Q_ID,ANSWER,IS_CORRECT) values (3,63,'c',0);
Insert into ANSWERSNEW (A_ID,Q_ID,ANSWER,IS_CORRECT) values (4,63,'d',0);
Insert into ANSWERSNEW (A_ID,Q_ID,ANSWER,IS_CORRECT) values (1,65,'3',1);
Insert into ANSWERSNEW (A_ID,Q_ID,ANSWER,IS_CORRECT) values (2,65,'4',0);
Insert into ANSWERSNEW (A_ID,Q_ID,ANSWER,IS_CORRECT) values (3,65,'5',0);
Insert into ANSWERSNEW (A_ID,Q_ID,ANSWER,IS_CORRECT) values (4,65,'6',0);
Insert into ANSWERSNEW (A_ID,Q_ID,ANSWER,IS_CORRECT) values (1,66,'7',1);
Insert into ANSWERSNEW (A_ID,Q_ID,ANSWER,IS_CORRECT) values (2,66,'6',0);
Insert into ANSWERSNEW (A_ID,Q_ID,ANSWER,IS_CORRECT) values (3,66,'3',0);
Insert into ANSWERSNEW (A_ID,Q_ID,ANSWER,IS_CORRECT) values (4,66,'4',0);
Insert into ANSWERSNEW (A_ID,Q_ID,ANSWER,IS_CORRECT) values (1,67,'2',1);
Insert into ANSWERSNEW (A_ID,Q_ID,ANSWER,IS_CORRECT) values (2,67,'1',0);
Insert into ANSWERSNEW (A_ID,Q_ID,ANSWER,IS_CORRECT) values (3,67,'3',0);
Insert into ANSWERSNEW (A_ID,Q_ID,ANSWER,IS_CORRECT) values (4,67,'5',0);
Insert into ANSWERSNEW (A_ID,Q_ID,ANSWER,IS_CORRECT) values (1,68,'3',1);
Insert into ANSWERSNEW (A_ID,Q_ID,ANSWER,IS_CORRECT) values (2,68,'2',0);
Insert into ANSWERSNEW (A_ID,Q_ID,ANSWER,IS_CORRECT) values (3,68,'4',0);
Insert into ANSWERSNEW (A_ID,Q_ID,ANSWER,IS_CORRECT) values (4,68,'5',0);
Insert into ANSWERSNEW (A_ID,Q_ID,ANSWER,IS_CORRECT) values (1,69,'2',1);
Insert into ANSWERSNEW (A_ID,Q_ID,ANSWER,IS_CORRECT) values (2,69,'3',0);
Insert into ANSWERSNEW (A_ID,Q_ID,ANSWER,IS_CORRECT) values (3,69,'4',0);
Insert into ANSWERSNEW (A_ID,Q_ID,ANSWER,IS_CORRECT) values (4,69,'5',0);
Insert into ANSWERSNEW (A_ID,Q_ID,ANSWER,IS_CORRECT) values (1,70,'25',1);
Insert into ANSWERSNEW (A_ID,Q_ID,ANSWER,IS_CORRECT) values (2,70,'1',0);
Insert into ANSWERSNEW (A_ID,Q_ID,ANSWER,IS_CORRECT) values (3,70,'2',0);
Insert into ANSWERSNEW (A_ID,Q_ID,ANSWER,IS_CORRECT) values (4,70,'3',0);


--------------------------------------------------------
--  File created - Sunday-November-05-2017   
--------------------------------------------------------
REM INSERTING into ATTEMPTSNEW
SET DEFINE OFF;
Insert into ATTEMPTSNEW (AT_ID,INSTANCE_ID,USER_ID,TIME_OF_ATTEMPT,OBTAINED_SCORE) values (41,41,'sjgurav',to_timestamp('03-NOV-17 12.39.46.876750000 AM','DD-MON-RR HH.MI.SSXFF AM'),0);
Insert into ATTEMPTSNEW (AT_ID,INSTANCE_ID,USER_ID,TIME_OF_ATTEMPT,OBTAINED_SCORE) values (42,42,'mjones',to_timestamp('03-NOV-17 12.41.24.240388000 AM','DD-MON-RR HH.MI.SSXFF AM'),0);
Insert into ATTEMPTSNEW (AT_ID,INSTANCE_ID,USER_ID,TIME_OF_ATTEMPT,OBTAINED_SCORE) values (43,43,'mjones',to_timestamp('03-NOV-17 12.44.03.722690000 AM','DD-MON-RR HH.MI.SSXFF AM'),0);
Insert into ATTEMPTSNEW (AT_ID,INSTANCE_ID,USER_ID,TIME_OF_ATTEMPT,OBTAINED_SCORE) values (61,61,'sjgurav',to_timestamp('03-NOV-17 03.46.52.413675000 PM','DD-MON-RR HH.MI.SSXFF AM'),0);
Insert into ATTEMPTSNEW (AT_ID,INSTANCE_ID,USER_ID,TIME_OF_ATTEMPT,OBTAINED_SCORE) values (62,62,'aneela',to_timestamp('03-NOV-17 03.59.14.271756000 PM','DD-MON-RR HH.MI.SSXFF AM'),0);
Insert into ATTEMPTSNEW (AT_ID,INSTANCE_ID,USER_ID,TIME_OF_ATTEMPT,OBTAINED_SCORE) values (64,64,'aneela',to_timestamp('03-NOV-17 04.03.41.814920000 PM','DD-MON-RR HH.MI.SSXFF AM'),0);
Insert into ATTEMPTSNEW (AT_ID,INSTANCE_ID,USER_ID,TIME_OF_ATTEMPT,OBTAINED_SCORE) values (103,103,'sjgurav',to_timestamp('03-NOV-17 07.55.45.758802000 PM','DD-MON-RR HH.MI.SSXFF AM'),0);
Insert into ATTEMPTSNEW (AT_ID,INSTANCE_ID,USER_ID,TIME_OF_ATTEMPT,OBTAINED_SCORE) values (104,104,'sjgurav',to_timestamp('03-NOV-17 07.57.06.552779000 PM','DD-MON-RR HH.MI.SSXFF AM'),0);
Insert into ATTEMPTSNEW (AT_ID,INSTANCE_ID,USER_ID,TIME_OF_ATTEMPT,OBTAINED_SCORE) values (163,163,'sjgurav',to_timestamp('04-NOV-17 01.59.28.043383000 AM','DD-MON-RR HH.MI.SSXFF AM'),3);
Insert into ATTEMPTSNEW (AT_ID,INSTANCE_ID,USER_ID,TIME_OF_ATTEMPT,OBTAINED_SCORE) values (201,201,'dpatil',to_timestamp('05-NOV-17 02.41.44.183688000 PM','DD-MON-RR HH.MI.SSXFF AM'),1);
Insert into ATTEMPTSNEW (AT_ID,INSTANCE_ID,USER_ID,TIME_OF_ATTEMPT,OBTAINED_SCORE) values (202,202,'dpatil',to_timestamp('05-NOV-17 02.42.59.525450000 PM','DD-MON-RR HH.MI.SSXFF AM'),-3);
Insert into ATTEMPTSNEW (AT_ID,INSTANCE_ID,USER_ID,TIME_OF_ATTEMPT,OBTAINED_SCORE) values (223,223,'sjgurav',to_timestamp('05-NOV-17 04.22.05.605486000 PM','DD-MON-RR HH.MI.SSXFF AM'),-3);
Insert into ATTEMPTSNEW (AT_ID,INSTANCE_ID,USER_ID,TIME_OF_ATTEMPT,OBTAINED_SCORE) values (65,65,'aneela',to_timestamp('03-NOV-17 04.25.00.474958000 PM','DD-MON-RR HH.MI.SSXFF AM'),0);
Insert into ATTEMPTSNEW (AT_ID,INSTANCE_ID,USER_ID,TIME_OF_ATTEMPT,OBTAINED_SCORE) values (67,67,'aneela',to_timestamp('03-NOV-17 04.27.41.638971000 PM','DD-MON-RR HH.MI.SSXFF AM'),0);
Insert into ATTEMPTSNEW (AT_ID,INSTANCE_ID,USER_ID,TIME_OF_ATTEMPT,OBTAINED_SCORE) values (81,81,'sjgurav',to_timestamp('03-NOV-17 06.59.51.097736000 PM','DD-MON-RR HH.MI.SSXFF AM'),0);
Insert into ATTEMPTSNEW (AT_ID,INSTANCE_ID,USER_ID,TIME_OF_ATTEMPT,OBTAINED_SCORE) values (101,101,'sjgurav',to_timestamp('03-NOV-17 07.42.35.845184000 PM','DD-MON-RR HH.MI.SSXFF AM'),0);
Insert into ATTEMPTSNEW (AT_ID,INSTANCE_ID,USER_ID,TIME_OF_ATTEMPT,OBTAINED_SCORE) values (203,203,'dpatil',to_timestamp('05-NOV-17 02.54.50.160682000 PM','DD-MON-RR HH.MI.SSXFF AM'),7);
Insert into ATTEMPTSNEW (AT_ID,INSTANCE_ID,USER_ID,TIME_OF_ATTEMPT,OBTAINED_SCORE) values (204,204,'dpatil',to_timestamp('05-NOV-17 02.56.11.400600000 PM','DD-MON-RR HH.MI.SSXFF AM'),1);
Insert into ATTEMPTSNEW (AT_ID,INSTANCE_ID,USER_ID,TIME_OF_ATTEMPT,OBTAINED_SCORE) values (47,47,'aneela',to_timestamp('03-NOV-17 12.57.18.981852000 AM','DD-MON-RR HH.MI.SSXFF AM'),0);
Insert into ATTEMPTSNEW (AT_ID,INSTANCE_ID,USER_ID,TIME_OF_ATTEMPT,OBTAINED_SCORE) values (141,141,'sjgurav',to_timestamp('04-NOV-17 01.00.53.922591000 AM','DD-MON-RR HH.MI.SSXFF AM'),0);
Insert into ATTEMPTSNEW (AT_ID,INSTANCE_ID,USER_ID,TIME_OF_ATTEMPT,OBTAINED_SCORE) values (221,221,'sjgurav',to_timestamp('05-NOV-17 04.11.51.671645000 PM','DD-MON-RR HH.MI.SSXFF AM'),2);
Insert into ATTEMPTSNEW (AT_ID,INSTANCE_ID,USER_ID,TIME_OF_ATTEMPT,OBTAINED_SCORE) values (222,222,'sjgurav',to_timestamp('05-NOV-17 04.18.13.396298000 PM','DD-MON-RR HH.MI.SSXFF AM'),2);
Insert into ATTEMPTSNEW (AT_ID,INSTANCE_ID,USER_ID,TIME_OF_ATTEMPT,OBTAINED_SCORE) values (46,46,'dpatil',to_timestamp('03-NOV-17 12.53.00.456289000 AM','DD-MON-RR HH.MI.SSXFF AM'),0);
Insert into ATTEMPTSNEW (AT_ID,INSTANCE_ID,USER_ID,TIME_OF_ATTEMPT,OBTAINED_SCORE) values (63,63,'aneela',to_timestamp('03-NOV-17 04.01.16.815167000 PM','DD-MON-RR HH.MI.SSXFF AM'),0);
Insert into ATTEMPTSNEW (AT_ID,INSTANCE_ID,USER_ID,TIME_OF_ATTEMPT,OBTAINED_SCORE) values (7,7,'mjones',to_timestamp('03-OCT-17 12.00.00.000000000 AM','DD-MON-RR HH.MI.SSXFF AM'),7);
Insert into ATTEMPTSNEW (AT_ID,INSTANCE_ID,USER_ID,TIME_OF_ATTEMPT,OBTAINED_SCORE) values (8,8,'mjones',to_timestamp('07-OCT-17 12.00.00.000000000 AM','DD-MON-RR HH.MI.SSXFF AM'),12);
Insert into ATTEMPTSNEW (AT_ID,INSTANCE_ID,USER_ID,TIME_OF_ATTEMPT,OBTAINED_SCORE) values (9,9,'aneela',to_timestamp('12-OCT-17 12.00.00.000000000 AM','DD-MON-RR HH.MI.SSXFF AM'),8);
Insert into ATTEMPTSNEW (AT_ID,INSTANCE_ID,USER_ID,TIME_OF_ATTEMPT,OBTAINED_SCORE) values (10,10,'aneela',to_timestamp('15-OCT-17 12.00.00.000000000 AM','DD-MON-RR HH.MI.SSXFF AM'),4);
Insert into ATTEMPTSNEW (AT_ID,INSTANCE_ID,USER_ID,TIME_OF_ATTEMPT,OBTAINED_SCORE) values (11,11,'aneela',to_timestamp('27-OCT-17 12.00.00.000000000 AM','DD-MON-RR HH.MI.SSXFF AM'),12);
Insert into ATTEMPTSNEW (AT_ID,INSTANCE_ID,USER_ID,TIME_OF_ATTEMPT,OBTAINED_SCORE) values (12,12,'mjones',to_timestamp('28-OCT-17 12.00.00.000000000 AM','DD-MON-RR HH.MI.SSXFF AM'),8);
Insert into ATTEMPTSNEW (AT_ID,INSTANCE_ID,USER_ID,TIME_OF_ATTEMPT,OBTAINED_SCORE) values (13,13,'mjones',to_timestamp('29-OCT-17 12.00.00.000000000 AM','DD-MON-RR HH.MI.SSXFF AM'),12);
Insert into ATTEMPTSNEW (AT_ID,INSTANCE_ID,USER_ID,TIME_OF_ATTEMPT,OBTAINED_SCORE) values (66,66,'aneela',to_timestamp('03-NOV-17 04.26.44.275971000 PM','DD-MON-RR HH.MI.SSXFF AM'),0);
Insert into ATTEMPTSNEW (AT_ID,INSTANCE_ID,USER_ID,TIME_OF_ATTEMPT,OBTAINED_SCORE) values (102,102,'sjgurav',to_timestamp('03-NOV-17 07.45.45.986802000 PM','DD-MON-RR HH.MI.SSXFF AM'),0);
Insert into ATTEMPTSNEW (AT_ID,INSTANCE_ID,USER_ID,TIME_OF_ATTEMPT,OBTAINED_SCORE) values (105,105,'sjgurav',to_timestamp('03-NOV-17 07.59.34.797824000 PM','DD-MON-RR HH.MI.SSXFF AM'),8);
Insert into ATTEMPTSNEW (AT_ID,INSTANCE_ID,USER_ID,TIME_OF_ATTEMPT,OBTAINED_SCORE) values (121,121,'sjgurav',to_timestamp('03-NOV-17 09.02.45.300346000 PM','DD-MON-RR HH.MI.SSXFF AM'),12);
Insert into ATTEMPTSNEW (AT_ID,INSTANCE_ID,USER_ID,TIME_OF_ATTEMPT,OBTAINED_SCORE) values (122,122,'sjgurav',to_timestamp('03-NOV-17 09.05.17.967572000 PM','DD-MON-RR HH.MI.SSXFF AM'),12);
Insert into ATTEMPTSNEW (AT_ID,INSTANCE_ID,USER_ID,TIME_OF_ATTEMPT,OBTAINED_SCORE) values (142,142,'sjgurav',to_timestamp('04-NOV-17 01.24.01.862492000 AM','DD-MON-RR HH.MI.SSXFF AM'),3);
Insert into ATTEMPTSNEW (AT_ID,INSTANCE_ID,USER_ID,TIME_OF_ATTEMPT,OBTAINED_SCORE) values (161,161,'sjgurav',to_timestamp('04-NOV-17 01.49.49.703428000 AM','DD-MON-RR HH.MI.SSXFF AM'),3);
Insert into ATTEMPTSNEW (AT_ID,INSTANCE_ID,USER_ID,TIME_OF_ATTEMPT,OBTAINED_SCORE) values (162,162,'sjgurav',to_timestamp('04-NOV-17 01.54.27.256033000 AM','DD-MON-RR HH.MI.SSXFF AM'),3);
Insert into ATTEMPTSNEW (AT_ID,INSTANCE_ID,USER_ID,TIME_OF_ATTEMPT,OBTAINED_SCORE) values (181,181,'sjgurav',to_timestamp('05-NOV-17 12.37.13.955458000 PM','DD-MON-RR HH.MI.SSXFF AM'),9);
Insert into ATTEMPTSNEW (AT_ID,INSTANCE_ID,USER_ID,TIME_OF_ATTEMPT,OBTAINED_SCORE) values (1,1,'mjones',to_timestamp('22-AUG-17 12.00.00.000000000 AM','DD-MON-RR HH.MI.SSXFF AM'),5);
Insert into ATTEMPTSNEW (AT_ID,INSTANCE_ID,USER_ID,TIME_OF_ATTEMPT,OBTAINED_SCORE) values (2,2,'mjones',to_timestamp('23-AUG-17 12.00.00.000000000 AM','DD-MON-RR HH.MI.SSXFF AM'),9);
Insert into ATTEMPTSNEW (AT_ID,INSTANCE_ID,USER_ID,TIME_OF_ATTEMPT,OBTAINED_SCORE) values (3,3,'jmick',to_timestamp('10-SEP-17 12.00.00.000000000 AM','DD-MON-RR HH.MI.SSXFF AM'),9);
Insert into ATTEMPTSNEW (AT_ID,INSTANCE_ID,USER_ID,TIME_OF_ATTEMPT,OBTAINED_SCORE) values (4,4,'aneela',to_timestamp('01-OCT-17 12.00.00.000000000 AM','DD-MON-RR HH.MI.SSXFF AM'),7);
Insert into ATTEMPTSNEW (AT_ID,INSTANCE_ID,USER_ID,TIME_OF_ATTEMPT,OBTAINED_SCORE) values (5,5,'aneela',to_timestamp('05-OCT-17 12.00.00.000000000 AM','DD-MON-RR HH.MI.SSXFF AM'),12);
Insert into ATTEMPTSNEW (AT_ID,INSTANCE_ID,USER_ID,TIME_OF_ATTEMPT,OBTAINED_SCORE) values (6,6,'aneela',to_timestamp('09-OCT-17 12.00.00.000000000 AM','DD-MON-RR HH.MI.SSXFF AM'),12);
Insert into ATTEMPTSNEW (AT_ID,INSTANCE_ID,USER_ID,TIME_OF_ATTEMPT,OBTAINED_SCORE) values (44,44,'mjones',to_timestamp('03-NOV-17 12.45.59.652739000 AM','DD-MON-RR HH.MI.SSXFF AM'),0);
Insert into ATTEMPTSNEW (AT_ID,INSTANCE_ID,USER_ID,TIME_OF_ATTEMPT,OBTAINED_SCORE) values (45,45,'dpatil',to_timestamp('03-NOV-17 12.51.31.297861000 AM','DD-MON-RR HH.MI.SSXFF AM'),0);
Insert into ATTEMPTSNEW (AT_ID,INSTANCE_ID,USER_ID,TIME_OF_ATTEMPT,OBTAINED_SCORE) values (48,48,'aneela',to_timestamp('03-NOV-17 12.59.57.260641000 AM','DD-MON-RR HH.MI.SSXFF AM'),0);
Insert into ATTEMPTSNEW (AT_ID,INSTANCE_ID,USER_ID,TIME_OF_ATTEMPT,OBTAINED_SCORE) values (49,49,'jmick',to_timestamp('03-NOV-17 01.01.04.971360000 AM','DD-MON-RR HH.MI.SSXFF AM'),0);
Insert into ATTEMPTSNEW (AT_ID,INSTANCE_ID,USER_ID,TIME_OF_ATTEMPT,OBTAINED_SCORE) values (50,50,'jmick',to_timestamp('03-NOV-17 01.02.26.430129000 AM','DD-MON-RR HH.MI.SSXFF AM'),0);
Insert into ATTEMPTSNEW (AT_ID,INSTANCE_ID,USER_ID,TIME_OF_ATTEMPT,OBTAINED_SCORE) values (106,106,'sjgurav',to_timestamp('03-NOV-17 08.06.52.247576000 PM','DD-MON-RR HH.MI.SSXFF AM'),12);
Insert into ATTEMPTSNEW (AT_ID,INSTANCE_ID,USER_ID,TIME_OF_ATTEMPT,OBTAINED_SCORE) values (107,107,'sjgurav',to_timestamp('03-NOV-17 08.07.12.340834000 PM','DD-MON-RR HH.MI.SSXFF AM'),9);
Insert into ATTEMPTSNEW (AT_ID,INSTANCE_ID,USER_ID,TIME_OF_ATTEMPT,OBTAINED_SCORE) values (108,108,'sjgurav',to_timestamp('03-NOV-17 08.07.52.779262000 PM','DD-MON-RR HH.MI.SSXFF AM'),0);



--------------------------------------------------------
--  File created - Sunday-November-05-2017   
--------------------------------------------------------
REM INSERTING into COURSE
SET DEFINE OFF;
Insert into COURSE (C_ID,CNAME,ST_DATE,END_DATE,NO_OF_ENROLLED_STUDENT,MAX_ALLOWED_STUDENT,C_LEVEL,TAUGHT_BY) values ('CSC742','Advance Database Systems',to_timestamp('12-AUG-17 12.00.00.000000000 AM','DD-MON-RR HH.MI.SSXFF AM'),to_timestamp('11-DEC-17 12.00.00.000000000 AM','DD-MON-RR HH.MI.SSXFF AM'),2,10,'G','kogan');
Insert into COURSE (C_ID,CNAME,ST_DATE,END_DATE,NO_OF_ENROLLED_STUDENT,MAX_ALLOWED_STUDENT,C_LEVEL,TAUGHT_BY) values ('CSC440','Database System',to_timestamp('27-AUG-17 12.00.00.000000000 AM','DD-MON-RR HH.MI.SSXFF AM'),to_timestamp('21-DEC-17 12.00.00.000000000 AM','DD-MON-RR HH.MI.SSXFF AM'),3,9,'U','rchirkova');
Insert into COURSE (C_ID,CNAME,ST_DATE,END_DATE,NO_OF_ENROLLED_STUDENT,MAX_ALLOWED_STUDENT,C_LEVEL,TAUGHT_BY) values ('CSC540','Database Systems',to_timestamp('25-AUG-17 12.00.00.000000000 AM','DD-MON-RR HH.MI.SSXFF AM'),to_timestamp('10-DEC-17 12.00.00.000000000 AM','DD-MON-RR HH.MI.SSXFF AM'),5,11,'G','kogan');
Insert into COURSE (C_ID,CNAME,ST_DATE,END_DATE,NO_OF_ENROLLED_STUDENT,MAX_ALLOWED_STUDENT,C_LEVEL,TAUGHT_BY) values ('CSC541','Advance Data Structures',to_timestamp('25-AUG-17 12.00.00.000000000 AM','DD-MON-RR HH.MI.SSXFF AM'),to_timestamp('06-DEC-17 12.00.00.000000000 AM','DD-MON-RR HH.MI.SSXFF AM'),3,12,'G','chealey');
Insert into COURSE (C_ID,CNAME,ST_DATE,END_DATE,NO_OF_ENROLLED_STUDENT,MAX_ALLOWED_STUDENT,C_LEVEL,TAUGHT_BY) values ('CSC640','Data Structures',to_timestamp('01-SEP-17 12.00.00.000000000 AM','DD-MON-RR HH.MI.SSXFF AM'),to_timestamp('01-DEC-17 12.00.00.000000000 AM','DD-MON-RR HH.MI.SSXFF AM'),3,10,'G','kogan');
Insert into COURSE (C_ID,CNAME,ST_DATE,END_DATE,NO_OF_ENROLLED_STUDENT,MAX_ALLOWED_STUDENT,C_LEVEL,TAUGHT_BY) values ('CSC740','ADS',to_timestamp('21-SEP-18 12.00.00.000000000 AM','DD-MON-RR HH.MI.SSXFF AM'),to_timestamp('12-DEC-18 12.00.00.000000000 AM','DD-MON-RR HH.MI.SSXFF AM'),0,5,'U','kogan');


--------------------------------------------------------
--  File created - Sunday-November-05-2017   
--------------------------------------------------------
REM INSERTING into COURSE_CONTAINS_TOPICNEW
SET DEFINE OFF;
Insert into COURSE_CONTAINS_TOPICNEW (T_ID,C_ID) values (4,'CSC440');
Insert into COURSE_CONTAINS_TOPICNEW (T_ID,C_ID) values (6,'CSC440');
Insert into COURSE_CONTAINS_TOPICNEW (T_ID,C_ID) values (7,'CSC742');
Insert into COURSE_CONTAINS_TOPICNEW (T_ID,C_ID) values (11,'CSC540');
Insert into COURSE_CONTAINS_TOPICNEW (T_ID,C_ID) values (3,'CSC540');
Insert into COURSE_CONTAINS_TOPICNEW (T_ID,C_ID) values (6,'CSC540');
Insert into COURSE_CONTAINS_TOPICNEW (T_ID,C_ID) values (4,'CSC540');
Insert into COURSE_CONTAINS_TOPICNEW (T_ID,C_ID) values (4,'CSC541');
Insert into COURSE_CONTAINS_TOPICNEW (T_ID,C_ID) values (6,'CSC541');
Insert into COURSE_CONTAINS_TOPICNEW (T_ID,C_ID) values (5,'CSC742');


--------------------------------------------------------
--  File created - Sunday-November-05-2017   
--------------------------------------------------------
REM INSERTING into COURSE_ENROLLMENT
SET DEFINE OFF;
Insert into COURSE_ENROLLMENT (C_ID,USER_ID) values ('CSC742','sjgurav');
Insert into COURSE_ENROLLMENT (C_ID,USER_ID) values ('CSC742','dpatil');
Insert into COURSE_ENROLLMENT (C_ID,USER_ID) values ('CSC540','psnagdev');
Insert into COURSE_ENROLLMENT (C_ID,USER_ID) values ('CSC440','tregan');
Insert into COURSE_ENROLLMENT (C_ID,USER_ID) values ('CSC440','mfisher');
Insert into COURSE_ENROLLMENT (C_ID,USER_ID) values ('CSC440','jander');
Insert into COURSE_ENROLLMENT (C_ID,USER_ID) values ('CSC540','aneela');
Insert into COURSE_ENROLLMENT (C_ID,USER_ID) values ('CSC540','mjones');
Insert into COURSE_ENROLLMENT (C_ID,USER_ID) values ('CSC540','jmick');
Insert into COURSE_ENROLLMENT (C_ID,USER_ID) values ('CSC541','jmick');
Insert into COURSE_ENROLLMENT (C_ID,USER_ID) values ('CSC541','aneela');
Insert into COURSE_ENROLLMENT (C_ID,USER_ID) values ('CSC541','mjones');
Insert into COURSE_ENROLLMENT (C_ID,USER_ID) values ('CSC540','dpatil');



--------------------------------------------------------
--  File created - Sunday-November-05-2017   
--------------------------------------------------------
REM INSERTING into COURSE_TA
SET DEFINE OFF;
Insert into COURSE_TA (C_ID,USER_ID) values ('CSC440','aneela');
Insert into COURSE_TA (C_ID,USER_ID) values ('CSC440','jmick');
Insert into COURSE_TA (C_ID,USER_ID) values ('CSC540','jharla');
Insert into COURSE_TA (C_ID,USER_ID) values ('CSC541','jmoyer');
Insert into COURSE_TA (C_ID,USER_ID) values ('CSC742','psnagdev');
Insert into COURSE_TA (C_ID,USER_ID) values ('CSC540','sjgurav');


--------------------------------------------------------
--  File created - Sunday-November-05-2017   
--------------------------------------------------------
REM INSERTING into EXERCISE_CONTAINS_QNSNEW
SET DEFINE OFF;
Insert into EXERCISE_CONTAINS_QNSNEW (EX_ID,C_ID,Q_ID) values (1,'CSC540',1);
Insert into EXERCISE_CONTAINS_QNSNEW (EX_ID,C_ID,Q_ID) values (1,'CSC540',2);
Insert into EXERCISE_CONTAINS_QNSNEW (EX_ID,C_ID,Q_ID) values (1,'CSC540',4);
Insert into EXERCISE_CONTAINS_QNSNEW (EX_ID,C_ID,Q_ID) values (2,'CSC540',1);
Insert into EXERCISE_CONTAINS_QNSNEW (EX_ID,C_ID,Q_ID) values (2,'CSC540',2);
Insert into EXERCISE_CONTAINS_QNSNEW (EX_ID,C_ID,Q_ID) values (2,'CSC540',5);

--------------------------------------------------------
--  File created - Sunday-November-05-2017   
--------------------------------------------------------
REM INSERTING into EXERCISE_INSTANCENEW
SET DEFINE OFF;
Insert into EXERCISE_INSTANCENEW (INSTANCE_ID,EX_ID,USER_ID,C_ID) values (41,7,'sjgurav','CSC742');
Insert into EXERCISE_INSTANCENEW (INSTANCE_ID,EX_ID,USER_ID,C_ID) values (42,8,'mjones','CSC540');
Insert into EXERCISE_INSTANCENEW (INSTANCE_ID,EX_ID,USER_ID,C_ID) values (43,6,'mjones','CSC540');
Insert into EXERCISE_INSTANCENEW (INSTANCE_ID,EX_ID,USER_ID,C_ID) values (61,6,'sjgurav','CSC540');
Insert into EXERCISE_INSTANCENEW (INSTANCE_ID,EX_ID,USER_ID,C_ID) values (62,6,'aneela','CSC540');
Insert into EXERCISE_INSTANCENEW (INSTANCE_ID,EX_ID,USER_ID,C_ID) values (64,6,'aneela','CSC540');
Insert into EXERCISE_INSTANCENEW (INSTANCE_ID,EX_ID,USER_ID,C_ID) values (103,61,'sjgurav','CSC540');
Insert into EXERCISE_INSTANCENEW (INSTANCE_ID,EX_ID,USER_ID,C_ID) values (104,61,'sjgurav','CSC540');
Insert into EXERCISE_INSTANCENEW (INSTANCE_ID,EX_ID,USER_ID,C_ID) values (163,86,'sjgurav','CSC540');
Insert into EXERCISE_INSTANCENEW (INSTANCE_ID,EX_ID,USER_ID,C_ID) values (201,6,'dpatil','CSC540');
Insert into EXERCISE_INSTANCENEW (INSTANCE_ID,EX_ID,USER_ID,C_ID) values (202,7,'dpatil','CSC742');
Insert into EXERCISE_INSTANCENEW (INSTANCE_ID,EX_ID,USER_ID,C_ID) values (223,7,'sjgurav','CSC742');
Insert into EXERCISE_INSTANCENEW (INSTANCE_ID,EX_ID,USER_ID,C_ID) values (65,6,'aneela','CSC540');
Insert into EXERCISE_INSTANCENEW (INSTANCE_ID,EX_ID,USER_ID,C_ID) values (67,6,'aneela','CSC540');
Insert into EXERCISE_INSTANCENEW (INSTANCE_ID,EX_ID,USER_ID,C_ID) values (81,42,'sjgurav','CSC540');
Insert into EXERCISE_INSTANCENEW (INSTANCE_ID,EX_ID,USER_ID,C_ID) values (101,42,'sjgurav','CSC540');
Insert into EXERCISE_INSTANCENEW (INSTANCE_ID,EX_ID,USER_ID,C_ID) values (203,7,'dpatil','CSC742');
Insert into EXERCISE_INSTANCENEW (INSTANCE_ID,EX_ID,USER_ID,C_ID) values (204,83,'dpatil','CSC540');
Insert into EXERCISE_INSTANCENEW (INSTANCE_ID,EX_ID,USER_ID,C_ID) values (47,6,'aneela','CSC540');
Insert into EXERCISE_INSTANCENEW (INSTANCE_ID,EX_ID,USER_ID,C_ID) values (141,83,'sjgurav','CSC540');
Insert into EXERCISE_INSTANCENEW (INSTANCE_ID,EX_ID,USER_ID,C_ID) values (221,7,'sjgurav','CSC742');
Insert into EXERCISE_INSTANCENEW (INSTANCE_ID,EX_ID,USER_ID,C_ID) values (222,7,'sjgurav','CSC742');
Insert into EXERCISE_INSTANCENEW (INSTANCE_ID,EX_ID,USER_ID,C_ID) values (1,1,'mjones','CSC540');
Insert into EXERCISE_INSTANCENEW (INSTANCE_ID,EX_ID,USER_ID,C_ID) values (2,1,'mjones','CSC540');
Insert into EXERCISE_INSTANCENEW (INSTANCE_ID,EX_ID,USER_ID,C_ID) values (3,1,'jmick','CSC540');
Insert into EXERCISE_INSTANCENEW (INSTANCE_ID,EX_ID,USER_ID,C_ID) values (4,2,'aneela','CSC540');
Insert into EXERCISE_INSTANCENEW (INSTANCE_ID,EX_ID,USER_ID,C_ID) values (5,2,'aneela','CSC540');
Insert into EXERCISE_INSTANCENEW (INSTANCE_ID,EX_ID,USER_ID,C_ID) values (6,2,'aneela','CSC540');
Insert into EXERCISE_INSTANCENEW (INSTANCE_ID,EX_ID,USER_ID,C_ID) values (7,2,'mjones','CSC540');
Insert into EXERCISE_INSTANCENEW (INSTANCE_ID,EX_ID,USER_ID,C_ID) values (8,2,'mjones','CSC540');
Insert into EXERCISE_INSTANCENEW (INSTANCE_ID,EX_ID,USER_ID,C_ID) values (9,3,'aneela','CSC540');
Insert into EXERCISE_INSTANCENEW (INSTANCE_ID,EX_ID,USER_ID,C_ID) values (10,3,'aneela','CSC540');
Insert into EXERCISE_INSTANCENEW (INSTANCE_ID,EX_ID,USER_ID,C_ID) values (11,3,'aneela','CSC540');
Insert into EXERCISE_INSTANCENEW (INSTANCE_ID,EX_ID,USER_ID,C_ID) values (12,3,'mjones','CSC540');
Insert into EXERCISE_INSTANCENEW (INSTANCE_ID,EX_ID,USER_ID,C_ID) values (13,3,'mjones','CSC540');
Insert into EXERCISE_INSTANCENEW (INSTANCE_ID,EX_ID,USER_ID,C_ID) values (46,6,'dpatil','CSC540');
Insert into EXERCISE_INSTANCENEW (INSTANCE_ID,EX_ID,USER_ID,C_ID) values (63,6,'aneela','CSC540');
Insert into EXERCISE_INSTANCENEW (INSTANCE_ID,EX_ID,USER_ID,C_ID) values (66,6,'aneela','CSC540');
Insert into EXERCISE_INSTANCENEW (INSTANCE_ID,EX_ID,USER_ID,C_ID) values (102,61,'sjgurav','CSC540');
Insert into EXERCISE_INSTANCENEW (INSTANCE_ID,EX_ID,USER_ID,C_ID) values (105,61,'sjgurav','CSC540');
Insert into EXERCISE_INSTANCENEW (INSTANCE_ID,EX_ID,USER_ID,C_ID) values (121,42,'sjgurav','CSC540');
Insert into EXERCISE_INSTANCENEW (INSTANCE_ID,EX_ID,USER_ID,C_ID) values (122,42,'sjgurav','CSC540');
Insert into EXERCISE_INSTANCENEW (INSTANCE_ID,EX_ID,USER_ID,C_ID) values (142,86,'sjgurav','CSC540');
Insert into EXERCISE_INSTANCENEW (INSTANCE_ID,EX_ID,USER_ID,C_ID) values (161,86,'sjgurav','CSC540');
Insert into EXERCISE_INSTANCENEW (INSTANCE_ID,EX_ID,USER_ID,C_ID) values (162,86,'sjgurav','CSC540');
Insert into EXERCISE_INSTANCENEW (INSTANCE_ID,EX_ID,USER_ID,C_ID) values (181,6,'sjgurav','CSC540');
Insert into EXERCISE_INSTANCENEW (INSTANCE_ID,EX_ID,USER_ID,C_ID) values (44,6,'mjones','CSC540');
Insert into EXERCISE_INSTANCENEW (INSTANCE_ID,EX_ID,USER_ID,C_ID) values (45,6,'dpatil','CSC540');
Insert into EXERCISE_INSTANCENEW (INSTANCE_ID,EX_ID,USER_ID,C_ID) values (48,6,'aneela','CSC540');
Insert into EXERCISE_INSTANCENEW (INSTANCE_ID,EX_ID,USER_ID,C_ID) values (49,6,'jmick','CSC540');
Insert into EXERCISE_INSTANCENEW (INSTANCE_ID,EX_ID,USER_ID,C_ID) values (50,6,'jmick','CSC540');
Insert into EXERCISE_INSTANCENEW (INSTANCE_ID,EX_ID,USER_ID,C_ID) values (106,42,'sjgurav','CSC540');
Insert into EXERCISE_INSTANCENEW (INSTANCE_ID,EX_ID,USER_ID,C_ID) values (107,6,'sjgurav','CSC540');
Insert into EXERCISE_INSTANCENEW (INSTANCE_ID,EX_ID,USER_ID,C_ID) values (108,8,'sjgurav','CSC540');


--------------------------------------------------------
--  File created - Sunday-November-05-2017   
--------------------------------------------------------
REM INSERTING into EXERCISE_OUTLINENEW
SET DEFINE OFF;
Insert into EXERCISE_OUTLINENEW (EX_ID,ENAME,ST_DATE,END_DATE,TOTAL_QUES,RETRIES,CORRECT_POINTS,PENALTY,SCORING_POLICY,EX_TYPE,QBANK_ID,C_ID,CREATED_BY_USER,T_ID) values (42,'Storing data',to_timestamp('01-NOV-17 12.00.00.000000000 AM','DD-MON-RR HH.MI.SSXFF AM'),to_timestamp('04-NOV-17 12.00.00.000000000 AM','DD-MON-RR HH.MI.SSXFF AM'),4,3,3,-1,'A','S',6,'CSC540','kogan',1);
Insert into EXERCISE_OUTLINENEW (EX_ID,ENAME,ST_DATE,END_DATE,TOTAL_QUES,RETRIES,CORRECT_POINTS,PENALTY,SCORING_POLICY,EX_TYPE,QBANK_ID,C_ID,CREATED_BY_USER,T_ID) values (6,'HW 6',to_timestamp('16-AUG-17 12.00.00.000000000 AM','DD-MON-RR HH.MI.SSXFF AM'),to_timestamp('15-DEC-17 12.00.00.000000000 AM','DD-MON-RR HH.MI.SSXFF AM'),3,1,3,1,'L','S',2,'CSC540','kogan',1);
Insert into EXERCISE_OUTLINENEW (EX_ID,ENAME,ST_DATE,END_DATE,TOTAL_QUES,RETRIES,CORRECT_POINTS,PENALTY,SCORING_POLICY,EX_TYPE,QBANK_ID,C_ID,CREATED_BY_USER,T_ID) values (81,'Hashing Basics',to_timestamp('01-NOV-17 12.00.00.000000000 AM','DD-MON-RR HH.MI.SSXFF AM'),to_timestamp('03-NOV-17 12.00.00.000000000 AM','DD-MON-RR HH.MI.SSXFF AM'),3,3,3,1,'A','S',6,'CSC540','kogan',1);
Insert into EXERCISE_OUTLINENEW (EX_ID,ENAME,ST_DATE,END_DATE,TOTAL_QUES,RETRIES,CORRECT_POINTS,PENALTY,SCORING_POLICY,EX_TYPE,QBANK_ID,C_ID,CREATED_BY_USER,T_ID) values (82,'ER basics',to_timestamp('01-NOV-17 12.00.00.000000000 AM','DD-MON-RR HH.MI.SSXFF AM'),to_timestamp('04-NOV-17 12.00.00.000000000 AM','DD-MON-RR HH.MI.SSXFF AM'),3,3,3,1,'A','S',6,'CSC540','kogan',1);
Insert into EXERCISE_OUTLINENEW (EX_ID,ENAME,ST_DATE,END_DATE,TOTAL_QUES,RETRIES,CORRECT_POINTS,PENALTY,SCORING_POLICY,EX_TYPE,QBANK_ID,C_ID,CREATED_BY_USER,T_ID) values (83,'ER basics2',to_timestamp('01-NOV-17 12.00.00.000000000 AM','DD-MON-RR HH.MI.SSXFF AM'),to_timestamp('06-NOV-17 12.00.00.000000000 AM','DD-MON-RR HH.MI.SSXFF AM'),3,3,3,1,'A','S',6,'CSC540','kogan',1);
Insert into EXERCISE_OUTLINENEW (EX_ID,ENAME,ST_DATE,END_DATE,TOTAL_QUES,RETRIES,CORRECT_POINTS,PENALTY,SCORING_POLICY,EX_TYPE,QBANK_ID,C_ID,CREATED_BY_USER,T_ID) values (85,'ER basiccs 56',to_timestamp('01-NOV-17 12.00.00.000000000 AM','DD-MON-RR HH.MI.SSXFF AM'),to_timestamp('06-NOV-17 12.00.00.000000000 AM','DD-MON-RR HH.MI.SSXFF AM'),2,3,3,1,'A','S',6,'CSC540','kogan',1);
Insert into EXERCISE_OUTLINENEW (EX_ID,ENAME,ST_DATE,END_DATE,TOTAL_QUES,RETRIES,CORRECT_POINTS,PENALTY,SCORING_POLICY,EX_TYPE,QBANK_ID,C_ID,CREATED_BY_USER,T_ID) values (1,'Homework 1 for CSC540',to_timestamp('16-AUG-17 12.00.00.000000000 AM','DD-MON-RR HH.MI.SSXFF AM'),to_timestamp('19-SEP-17 12.00.00.000000000 AM','DD-MON-RR HH.MI.SSXFF AM'),3,2,3,1,'L','S',2,'CSC540','kogan',1);
Insert into EXERCISE_OUTLINENEW (EX_ID,ENAME,ST_DATE,END_DATE,TOTAL_QUES,RETRIES,CORRECT_POINTS,PENALTY,SCORING_POLICY,EX_TYPE,QBANK_ID,C_ID,CREATED_BY_USER,T_ID) values (2,'Homework 2 for CSC540',to_timestamp('21-SEP-17 12.00.00.000000000 AM','DD-MON-RR HH.MI.SSXFF AM'),to_timestamp('10-OCT-17 12.00.00.000000000 AM','DD-MON-RR HH.MI.SSXFF AM'),3,1,4,1,'A','A',1,'CSC540','kogan',1);
Insert into EXERCISE_OUTLINENEW (EX_ID,ENAME,ST_DATE,END_DATE,TOTAL_QUES,RETRIES,CORRECT_POINTS,PENALTY,SCORING_POLICY,EX_TYPE,QBANK_ID,C_ID,CREATED_BY_USER,T_ID) values (3,'Homework 3 for CSC540',to_timestamp('12-OCT-17 12.00.00.000000000 AM','DD-MON-RR HH.MI.SSXFF AM'),to_timestamp('22-OCT-17 12.00.00.000000000 AM','DD-MON-RR HH.MI.SSXFF AM'),3,4294967295,4,0,'A','S',5,'CSC540','kogan',2);
Insert into EXERCISE_OUTLINENEW (EX_ID,ENAME,ST_DATE,END_DATE,TOTAL_QUES,RETRIES,CORRECT_POINTS,PENALTY,SCORING_POLICY,EX_TYPE,QBANK_ID,C_ID,CREATED_BY_USER,T_ID) values (4,'Homework 1 for CSC742',to_timestamp('06-OCT-17 12.00.00.000000000 AM','DD-MON-RR HH.MI.SSXFF AM'),to_timestamp('27-OCT-17 12.00.00.000000000 AM','DD-MON-RR HH.MI.SSXFF AM'),3,2,5,2,'M','A',4,'CSC742','psnagdev',3);
Insert into EXERCISE_OUTLINENEW (EX_ID,ENAME,ST_DATE,END_DATE,TOTAL_QUES,RETRIES,CORRECT_POINTS,PENALTY,SCORING_POLICY,EX_TYPE,QBANK_ID,C_ID,CREATED_BY_USER,T_ID) values (21,'ex 5',to_timestamp('12-DEC-17 12.00.00.000000000 AM','DD-MON-RR HH.MI.SSXFF AM'),to_timestamp('15-DEC-17 12.00.00.000000000 AM','DD-MON-RR HH.MI.SSXFF AM'),10,9,3,-2,'L','S',6,'CSC540','kogan',2);
Insert into EXERCISE_OUTLINENEW (EX_ID,ENAME,ST_DATE,END_DATE,TOTAL_QUES,RETRIES,CORRECT_POINTS,PENALTY,SCORING_POLICY,EX_TYPE,QBANK_ID,C_ID,CREATED_BY_USER,T_ID) values (61,'ER BRO',to_timestamp('01-NOV-17 12.00.00.000000000 AM','DD-MON-RR HH.MI.SSXFF AM'),to_timestamp('04-NOV-17 12.00.00.000000000 AM','DD-MON-RR HH.MI.SSXFF AM'),2,3,4,-1,'A','S',6,'CSC540','kogan',1);
Insert into EXERCISE_OUTLINENEW (EX_ID,ENAME,ST_DATE,END_DATE,TOTAL_QUES,RETRIES,CORRECT_POINTS,PENALTY,SCORING_POLICY,EX_TYPE,QBANK_ID,C_ID,CREATED_BY_USER,T_ID) values (86,'ER basiccs 69',to_timestamp('01-NOV-17 12.00.00.000000000 AM','DD-MON-RR HH.MI.SSXFF AM'),to_timestamp('06-NOV-17 12.00.00.000000000 AM','DD-MON-RR HH.MI.SSXFF AM'),1,3,3,1,'A','S',6,'CSC540','kogan',1);
Insert into EXERCISE_OUTLINENEW (EX_ID,ENAME,ST_DATE,END_DATE,TOTAL_QUES,RETRIES,CORRECT_POINTS,PENALTY,SCORING_POLICY,EX_TYPE,QBANK_ID,C_ID,CREATED_BY_USER,T_ID) values (5,'HW4',null,null,3,1,3,1,'A','S',2,'CSC540','kogan',3);
Insert into EXERCISE_OUTLINENEW (EX_ID,ENAME,ST_DATE,END_DATE,TOTAL_QUES,RETRIES,CORRECT_POINTS,PENALTY,SCORING_POLICY,EX_TYPE,QBANK_ID,C_ID,CREATED_BY_USER,T_ID) values (23,'ex 5',to_timestamp('12-DEC-17 12.00.00.000000000 AM','DD-MON-RR HH.MI.SSXFF AM'),to_timestamp('15-DEC-17 12.00.00.000000000 AM','DD-MON-RR HH.MI.SSXFF AM'),10,9,3,-2,'L','S',6,'CSC540','kogan',2);
Insert into EXERCISE_OUTLINENEW (EX_ID,ENAME,ST_DATE,END_DATE,TOTAL_QUES,RETRIES,CORRECT_POINTS,PENALTY,SCORING_POLICY,EX_TYPE,QBANK_ID,C_ID,CREATED_BY_USER,T_ID) values (7,'Homework 2 for CSC742',to_timestamp('29-OCT-17 12.00.00.000000000 AM','DD-MON-RR HH.MI.SSXFF AM'),to_timestamp('12-NOV-17 12.00.00.000000000 AM','DD-MON-RR HH.MI.SSXFF AM'),3,2,4,1,'M','A',4,'CSC742','kogan',2);
Insert into EXERCISE_OUTLINENEW (EX_ID,ENAME,ST_DATE,END_DATE,TOTAL_QUES,RETRIES,CORRECT_POINTS,PENALTY,SCORING_POLICY,EX_TYPE,QBANK_ID,C_ID,CREATED_BY_USER,T_ID) values (8,'Homework 4 for CSC540',to_timestamp('22-OCT-17 12.00.00.000000000 AM','DD-MON-RR HH.MI.SSXFF AM'),to_timestamp('10-NOV-17 12.00.00.000000000 AM','DD-MON-RR HH.MI.SSXFF AM'),5,1,3,1,'A','A',2,'CSC540','aneela',3);
Insert into EXERCISE_OUTLINENEW (EX_ID,ENAME,ST_DATE,END_DATE,TOTAL_QUES,RETRIES,CORRECT_POINTS,PENALTY,SCORING_POLICY,EX_TYPE,QBANK_ID,C_ID,CREATED_BY_USER,T_ID) values (9,'Homework 3 for CSC742',to_timestamp('14-NOV-17 12.00.00.000000000 AM','DD-MON-RR HH.MI.SSXFF AM'),to_timestamp('27-NOV-17 12.00.00.000000000 AM','DD-MON-RR HH.MI.SSXFF AM'),4,0,5,0,'L','S',4,'CSC742','psnagdev',2);
Insert into EXERCISE_OUTLINENEW (EX_ID,ENAME,ST_DATE,END_DATE,TOTAL_QUES,RETRIES,CORRECT_POINTS,PENALTY,SCORING_POLICY,EX_TYPE,QBANK_ID,C_ID,CREATED_BY_USER,T_ID) values (84,'ER bascics3',to_timestamp('01-NOV-17 12.00.00.000000000 AM','DD-MON-RR HH.MI.SSXFF AM'),to_timestamp('06-NOV-17 12.00.00.000000000 AM','DD-MON-RR HH.MI.SSXFF AM'),2,3,3,1,'A','S',6,'CSC540','kogan',1);


--------------------------------------------------------
--  File created - Sunday-November-05-2017   
--------------------------------------------------------
REM INSERTING into EXID_QUEID
SET DEFINE OFF;
Insert into EXID_QUEID (EX_ID,Q_ID) values (82,83);
Insert into EXID_QUEID (EX_ID,Q_ID) values (82,71);
Insert into EXID_QUEID (EX_ID,Q_ID) values (82,42);
Insert into EXID_QUEID (EX_ID,Q_ID) values (83,71);
Insert into EXID_QUEID (EX_ID,Q_ID) values (83,72);
Insert into EXID_QUEID (EX_ID,Q_ID) values (83,69);
Insert into EXID_QUEID (EX_ID,Q_ID) values (85,83);
Insert into EXID_QUEID (EX_ID,Q_ID) values (86,83);


--------------------------------------------------------
--  File created - Sunday-November-05-2017   
--------------------------------------------------------
REM INSERTING into FINAL_SCORES
SET DEFINE OFF;
Insert into FINAL_SCORES (EX_ID,C_ID,USER_ID,SCORE) values (6,'CSC540','aneela',0);
Insert into FINAL_SCORES (EX_ID,C_ID,USER_ID,SCORE) values (1,'CSC540','mjones',9);
Insert into FINAL_SCORES (EX_ID,C_ID,USER_ID,SCORE) values (2,'CSC540','mjones',9.5);
Insert into FINAL_SCORES (EX_ID,C_ID,USER_ID,SCORE) values (3,'CSC540','mjones',10);
Insert into FINAL_SCORES (EX_ID,C_ID,USER_ID,SCORE) values (3,'CSC540','aneela',8);
Insert into FINAL_SCORES (EX_ID,C_ID,USER_ID,SCORE) values (2,'CSC540','aneela',10.33);
Insert into FINAL_SCORES (EX_ID,C_ID,USER_ID,SCORE) values (1,'CSC540','jmick',9);
Insert into FINAL_SCORES (EX_ID,C_ID,USER_ID,SCORE) values (6,'CSC540','dpatil',0);
Insert into FINAL_SCORES (EX_ID,C_ID,USER_ID,SCORE) values (7,'CSC742','sjgurav',2);



--------------------------------------------------------
--  File created - Sunday-November-05-2017   
--------------------------------------------------------
REM INSERTING into INSTANCE_CONTAINS_QUESTIONSNEW
SET DEFINE OFF;
Insert into INSTANCE_CONTAINS_QUESTIONSNEW (INSTANCE_ID,Q_ID) values (1,1);
Insert into INSTANCE_CONTAINS_QUESTIONSNEW (INSTANCE_ID,Q_ID) values (1,2);
Insert into INSTANCE_CONTAINS_QUESTIONSNEW (INSTANCE_ID,Q_ID) values (1,3);
Insert into INSTANCE_CONTAINS_QUESTIONSNEW (INSTANCE_ID,Q_ID) values (2,1);
Insert into INSTANCE_CONTAINS_QUESTIONSNEW (INSTANCE_ID,Q_ID) values (2,2);
Insert into INSTANCE_CONTAINS_QUESTIONSNEW (INSTANCE_ID,Q_ID) values (2,3);
Insert into INSTANCE_CONTAINS_QUESTIONSNEW (INSTANCE_ID,Q_ID) values (3,1);
Insert into INSTANCE_CONTAINS_QUESTIONSNEW (INSTANCE_ID,Q_ID) values (3,2);
Insert into INSTANCE_CONTAINS_QUESTIONSNEW (INSTANCE_ID,Q_ID) values (3,3);


--------------------------------------------------------
--  File created - Sunday-November-05-2017   
--------------------------------------------------------
REM INSERTING into QUESTION_BANKNEW
SET DEFINE OFF;
Insert into QUESTION_BANKNEW (QBANK_ID,NO_OF_QUESTIONS,C_ID) values (1,9,'CSC440');
Insert into QUESTION_BANKNEW (QBANK_ID,NO_OF_QUESTIONS,C_ID) values (2,8,'CSC740');
Insert into QUESTION_BANKNEW (QBANK_ID,NO_OF_QUESTIONS,C_ID) values (3,10,'CSC541');
Insert into QUESTION_BANKNEW (QBANK_ID,NO_OF_QUESTIONS,C_ID) values (4,10,'CSC742');
Insert into QUESTION_BANKNEW (QBANK_ID,NO_OF_QUESTIONS,C_ID) values (5,10,'CSC640');
Insert into QUESTION_BANKNEW (QBANK_ID,NO_OF_QUESTIONS,C_ID) values (6,13,'CSC540');


--------------------------------------------------------
--  File created - Sunday-November-05-2017   
--------------------------------------------------------
REM INSERTING into QUESTIONSNEW
SET DEFINE OFF;
Insert into QUESTIONSNEW (Q_ID,T_ID,DIFF_LEVEL,HINT,QUESTION_TEXT,ISPARAMETRIC,QBANK_ID,SOLUTION,ROOT_TEXT) values (23,2,3,'HINT','HOW?',0,2,'Fine',null);
Insert into QUESTIONSNEW (Q_ID,T_ID,DIFF_LEVEL,HINT,QUESTION_TEXT,ISPARAMETRIC,QBANK_ID,SOLUTION,ROOT_TEXT) values (24,2,6,'A','W?',0,5,'SOLUTION',null);
Insert into QUESTIONSNEW (Q_ID,T_ID,DIFF_LEVEL,HINT,QUESTION_TEXT,ISPARAMETRIC,QBANK_ID,SOLUTION,ROOT_TEXT) values (42,2,3,'sadas','ads',0,6,'dassda',null);
Insert into QUESTIONSNEW (Q_ID,T_ID,DIFF_LEVEL,HINT,QUESTION_TEXT,ISPARAMETRIC,QBANK_ID,SOLUTION,ROOT_TEXT) values (62,2,2,'Hint','Hi',0,1,'homework',null);
Insert into QUESTIONSNEW (Q_ID,T_ID,DIFF_LEVEL,HINT,QUESTION_TEXT,ISPARAMETRIC,QBANK_ID,SOLUTION,ROOT_TEXT) values (82,2,3,'Hintwa','Why no work?',0,6,'Soluchan','root');
Insert into QUESTIONSNEW (Q_ID,T_ID,DIFF_LEVEL,HINT,QUESTION_TEXT,ISPARAMETRIC,QBANK_ID,SOLUTION,ROOT_TEXT) values (83,1,4,'er?','Ermodel?',0,6,'eeeer?',null);
Insert into QUESTIONSNEW (Q_ID,T_ID,DIFF_LEVEL,HINT,QUESTION_TEXT,ISPARAMETRIC,QBANK_ID,SOLUTION,ROOT_TEXT) values (102,2,5,'H','What is dbms?',0,6,'DS',null);
Insert into QUESTIONSNEW (Q_ID,T_ID,DIFF_LEVEL,HINT,QUESTION_TEXT,ISPARAMETRIC,QBANK_ID,SOLUTION,ROOT_TEXT) values (21,2,5,'TESTING','HOW ARE U?',0,1,'FINE',null);
Insert into QUESTIONSNEW (Q_ID,T_ID,DIFF_LEVEL,HINT,QUESTION_TEXT,ISPARAMETRIC,QBANK_ID,SOLUTION,ROOT_TEXT) values (22,2,1,'TESTING Again','HOW ARE U AGAIN?',0,2,'FINE',null);
Insert into QUESTIONSNEW (Q_ID,T_ID,DIFF_LEVEL,HINT,QUESTION_TEXT,ISPARAMETRIC,QBANK_ID,SOLUTION,ROOT_TEXT) values (71,2,4,'div','what is 5/1 ?',0,6,'div',null);
Insert into QUESTIONSNEW (Q_ID,T_ID,DIFF_LEVEL,HINT,QUESTION_TEXT,ISPARAMETRIC,QBANK_ID,SOLUTION,ROOT_TEXT) values (72,2,4,'div','what is 25/5 ?',0,6,'div',null);
Insert into QUESTIONSNEW (Q_ID,T_ID,DIFF_LEVEL,HINT,QUESTION_TEXT,ISPARAMETRIC,QBANK_ID,SOLUTION,ROOT_TEXT) values (81,2,3,'htnas','what is this?',1,6,'answer is',null);
Insert into QUESTIONSNEW (Q_ID,T_ID,DIFF_LEVEL,HINT,QUESTION_TEXT,ISPARAMETRIC,QBANK_ID,SOLUTION,ROOT_TEXT) values (41,2,4,'HINNNNTT','HELLO?',0,6,'ANSWER',null);
Insert into QUESTIONSNEW (Q_ID,T_ID,DIFF_LEVEL,HINT,QUESTION_TEXT,ISPARAMETRIC,QBANK_ID,SOLUTION,ROOT_TEXT) values (1,11,2,'Hint text q1','Fixed question number 1',0,1,'Solution Explanation for q1',null);
Insert into QUESTIONSNEW (Q_ID,T_ID,DIFF_LEVEL,HINT,QUESTION_TEXT,ISPARAMETRIC,QBANK_ID,SOLUTION,ROOT_TEXT) values (2,11,3,'Hint text q2','Fixed question number 2',0,2,'Solution Explanation for q2',null);
Insert into QUESTIONSNEW (Q_ID,T_ID,DIFF_LEVEL,HINT,QUESTION_TEXT,ISPARAMETRIC,QBANK_ID,SOLUTION,ROOT_TEXT) values (3,11,2,'Hint text q3','Consider a disk with a sector size=[0], tracks per surface=[1], sectors per track=[2], double sided
platters=[3], average seek time=[4].
 What is the capacity of a track in bytes?',1,3,'Solution Explanation for q3',null);
Insert into QUESTIONSNEW (Q_ID,T_ID,DIFF_LEVEL,HINT,QUESTION_TEXT,ISPARAMETRIC,QBANK_ID,SOLUTION,ROOT_TEXT) values (4,11,2,'Hint text q3','Consider a disk with a sector size=256, tracks per surface=1000, sectors per track=100, double sided
platters=10, average seek time=20.
 What is the capacity of a track in bytes?',0,3,'Solution Explanation for q4',null);
Insert into QUESTIONSNEW (Q_ID,T_ID,DIFF_LEVEL,HINT,QUESTION_TEXT,ISPARAMETRIC,QBANK_ID,SOLUTION,ROOT_TEXT) values (5,11,2,'Hint text q5','Consider a disk with a sector size=512, tracks per surface=2000, sectors per track=50, double sided
platters=5, average seek time=10.
 What is the capacity of a track in bytes?',0,3,'Solution Explanation for q5',null);
Insert into QUESTIONSNEW (Q_ID,T_ID,DIFF_LEVEL,HINT,QUESTION_TEXT,ISPARAMETRIC,QBANK_ID,SOLUTION,ROOT_TEXT) values (64,2,2,'Hint','what time is it',0,1,'excercise 5',null);
Insert into QUESTIONSNEW (Q_ID,T_ID,DIFF_LEVEL,HINT,QUESTION_TEXT,ISPARAMETRIC,QBANK_ID,SOLUTION,ROOT_TEXT) values (61,2,3,'Hint','what are you doing?',0,1,'homwork',null);
Insert into QUESTIONSNEW (Q_ID,T_ID,DIFF_LEVEL,HINT,QUESTION_TEXT,ISPARAMETRIC,QBANK_ID,SOLUTION,ROOT_TEXT) values (63,2,2,'Hint','dbms question',0,1,'excercise',null);
Insert into QUESTIONSNEW (Q_ID,T_ID,DIFF_LEVEL,HINT,QUESTION_TEXT,ISPARAMETRIC,QBANK_ID,SOLUTION,ROOT_TEXT) values (65,3,4,'add','what is (x) + (y)?',0,6,'add',null);
Insert into QUESTIONSNEW (Q_ID,T_ID,DIFF_LEVEL,HINT,QUESTION_TEXT,ISPARAMETRIC,QBANK_ID,SOLUTION,ROOT_TEXT) values (66,3,4,'add','what is (x) + (y)?',0,6,'add',null);
Insert into QUESTIONSNEW (Q_ID,T_ID,DIFF_LEVEL,HINT,QUESTION_TEXT,ISPARAMETRIC,QBANK_ID,SOLUTION,ROOT_TEXT) values (67,2,5,'sub','what is (x) - (y) ?',0,6,'subtraction',null);
Insert into QUESTIONSNEW (Q_ID,T_ID,DIFF_LEVEL,HINT,QUESTION_TEXT,ISPARAMETRIC,QBANK_ID,SOLUTION,ROOT_TEXT) values (68,2,5,'sub','what is (x) - (y) ?',0,6,'subtraction',null);
Insert into QUESTIONSNEW (Q_ID,T_ID,DIFF_LEVEL,HINT,QUESTION_TEXT,ISPARAMETRIC,QBANK_ID,SOLUTION,ROOT_TEXT) values (69,2,4,'mul','what is (x) *2 ?',0,6,'multiply',null);
Insert into QUESTIONSNEW (Q_ID,T_ID,DIFF_LEVEL,HINT,QUESTION_TEXT,ISPARAMETRIC,QBANK_ID,SOLUTION,ROOT_TEXT) values (70,2,4,'mul','what is (x) *5 ?',0,6,'multiply',null);




--------------------------------------------------------
--  File created - Sunday-November-05-2017   
--------------------------------------------------------
REM INSERTING into SUBMISSION_DETAILSNEW
SET DEFINE OFF;
Insert into SUBMISSION_DETAILSNEW (AT_ID,INSTANCE_ID,USER_ID,GIVEN_ANSWER,Q_ID) values (163,163,'sjgurav','aer',83);
Insert into SUBMISSION_DETAILSNEW (AT_ID,INSTANCE_ID,USER_ID,GIVEN_ANSWER,Q_ID) values (201,201,'dpatil','aer',83);
Insert into SUBMISSION_DETAILSNEW (AT_ID,INSTANCE_ID,USER_ID,GIVEN_ANSWER,Q_ID) values (201,201,'dpatil','ier',83);
Insert into SUBMISSION_DETAILSNEW (AT_ID,INSTANCE_ID,USER_ID,GIVEN_ANSWER,Q_ID) values (201,201,'dpatil','ier',83);
Insert into SUBMISSION_DETAILSNEW (AT_ID,INSTANCE_ID,USER_ID,GIVEN_ANSWER,Q_ID) values (202,202,'dpatil','da',72);
Insert into SUBMISSION_DETAILSNEW (AT_ID,INSTANCE_ID,USER_ID,GIVEN_ANSWER,Q_ID) values (202,202,'dpatil','sad',64);
Insert into SUBMISSION_DETAILSNEW (AT_ID,INSTANCE_ID,USER_ID,GIVEN_ANSWER,Q_ID) values (202,202,'dpatil','sad',72);
Insert into SUBMISSION_DETAILSNEW (AT_ID,INSTANCE_ID,USER_ID,GIVEN_ANSWER,Q_ID) values (223,223,'sjgurav','5',68);
Insert into SUBMISSION_DETAILSNEW (AT_ID,INSTANCE_ID,USER_ID,GIVEN_ANSWER,Q_ID) values (223,223,'sjgurav',null,23);
Insert into SUBMISSION_DETAILSNEW (AT_ID,INSTANCE_ID,USER_ID,GIVEN_ANSWER,Q_ID) values (223,223,'sjgurav','3',69);
Insert into SUBMISSION_DETAILSNEW (AT_ID,INSTANCE_ID,USER_ID,GIVEN_ANSWER,Q_ID) values (1,1,'mjones','a',1);
Insert into SUBMISSION_DETAILSNEW (AT_ID,INSTANCE_ID,USER_ID,GIVEN_ANSWER,Q_ID) values (1,1,'mjones','b',2);
Insert into SUBMISSION_DETAILSNEW (AT_ID,INSTANCE_ID,USER_ID,GIVEN_ANSWER,Q_ID) values (1,1,'mjones','a',3);
Insert into SUBMISSION_DETAILSNEW (AT_ID,INSTANCE_ID,USER_ID,GIVEN_ANSWER,Q_ID) values (2,2,'mjones','a',1);
Insert into SUBMISSION_DETAILSNEW (AT_ID,INSTANCE_ID,USER_ID,GIVEN_ANSWER,Q_ID) values (2,2,'mjones','b',2);
Insert into SUBMISSION_DETAILSNEW (AT_ID,INSTANCE_ID,USER_ID,GIVEN_ANSWER,Q_ID) values (2,2,'mjones','c',3);
Insert into SUBMISSION_DETAILSNEW (AT_ID,INSTANCE_ID,USER_ID,GIVEN_ANSWER,Q_ID) values (3,3,'jmick','a',1);
Insert into SUBMISSION_DETAILSNEW (AT_ID,INSTANCE_ID,USER_ID,GIVEN_ANSWER,Q_ID) values (3,3,'jmick','b',2);
Insert into SUBMISSION_DETAILSNEW (AT_ID,INSTANCE_ID,USER_ID,GIVEN_ANSWER,Q_ID) values (3,3,'jmick','c',3);
Insert into SUBMISSION_DETAILSNEW (AT_ID,INSTANCE_ID,USER_ID,GIVEN_ANSWER,Q_ID) values (4,4,'aneela','a',1);
Insert into SUBMISSION_DETAILSNEW (AT_ID,INSTANCE_ID,USER_ID,GIVEN_ANSWER,Q_ID) values (4,4,'aneela','b',2);
Insert into SUBMISSION_DETAILSNEW (AT_ID,INSTANCE_ID,USER_ID,GIVEN_ANSWER,Q_ID) values (4,4,'aneela','a',3);
Insert into SUBMISSION_DETAILSNEW (AT_ID,INSTANCE_ID,USER_ID,GIVEN_ANSWER,Q_ID) values (5,5,'aneela','a',1);
Insert into SUBMISSION_DETAILSNEW (AT_ID,INSTANCE_ID,USER_ID,GIVEN_ANSWER,Q_ID) values (5,5,'aneela','b',2);
Insert into SUBMISSION_DETAILSNEW (AT_ID,INSTANCE_ID,USER_ID,GIVEN_ANSWER,Q_ID) values (5,5,'aneela','c',3);
Insert into SUBMISSION_DETAILSNEW (AT_ID,INSTANCE_ID,USER_ID,GIVEN_ANSWER,Q_ID) values (6,6,'aneela','a',1);
Insert into SUBMISSION_DETAILSNEW (AT_ID,INSTANCE_ID,USER_ID,GIVEN_ANSWER,Q_ID) values (6,6,'aneela','b',2);
Insert into SUBMISSION_DETAILSNEW (AT_ID,INSTANCE_ID,USER_ID,GIVEN_ANSWER,Q_ID) values (6,6,'aneela','c',3);
Insert into SUBMISSION_DETAILSNEW (AT_ID,INSTANCE_ID,USER_ID,GIVEN_ANSWER,Q_ID) values (7,7,'mjones','a',1);
Insert into SUBMISSION_DETAILSNEW (AT_ID,INSTANCE_ID,USER_ID,GIVEN_ANSWER,Q_ID) values (7,7,'mjones','c',2);
Insert into SUBMISSION_DETAILSNEW (AT_ID,INSTANCE_ID,USER_ID,GIVEN_ANSWER,Q_ID) values (7,7,'mjones','b',3);
Insert into SUBMISSION_DETAILSNEW (AT_ID,INSTANCE_ID,USER_ID,GIVEN_ANSWER,Q_ID) values (8,8,'mjones','a',1);
Insert into SUBMISSION_DETAILSNEW (AT_ID,INSTANCE_ID,USER_ID,GIVEN_ANSWER,Q_ID) values (8,8,'mjones','b',2);
Insert into SUBMISSION_DETAILSNEW (AT_ID,INSTANCE_ID,USER_ID,GIVEN_ANSWER,Q_ID) values (8,8,'mjones','a',3);
Insert into SUBMISSION_DETAILSNEW (AT_ID,INSTANCE_ID,USER_ID,GIVEN_ANSWER,Q_ID) values (9,9,'aneela','a',1);
Insert into SUBMISSION_DETAILSNEW (AT_ID,INSTANCE_ID,USER_ID,GIVEN_ANSWER,Q_ID) values (9,9,'aneela','b',2);
Insert into SUBMISSION_DETAILSNEW (AT_ID,INSTANCE_ID,USER_ID,GIVEN_ANSWER,Q_ID) values (9,9,'aneela','a',3);
Insert into SUBMISSION_DETAILSNEW (AT_ID,INSTANCE_ID,USER_ID,GIVEN_ANSWER,Q_ID) values (10,10,'aneela','a',1);
Insert into SUBMISSION_DETAILSNEW (AT_ID,INSTANCE_ID,USER_ID,GIVEN_ANSWER,Q_ID) values (10,10,'aneela','c',2);
Insert into SUBMISSION_DETAILSNEW (AT_ID,INSTANCE_ID,USER_ID,GIVEN_ANSWER,Q_ID) values (11,11,'aneela','b',3);
Insert into SUBMISSION_DETAILSNEW (AT_ID,INSTANCE_ID,USER_ID,GIVEN_ANSWER,Q_ID) values (11,11,'aneela','a',1);
Insert into SUBMISSION_DETAILSNEW (AT_ID,INSTANCE_ID,USER_ID,GIVEN_ANSWER,Q_ID) values (11,11,'aneela','b',2);
Insert into SUBMISSION_DETAILSNEW (AT_ID,INSTANCE_ID,USER_ID,GIVEN_ANSWER,Q_ID) values (11,11,'aneela','c',3);
Insert into SUBMISSION_DETAILSNEW (AT_ID,INSTANCE_ID,USER_ID,GIVEN_ANSWER,Q_ID) values (12,12,'mjones','a',1);
Insert into SUBMISSION_DETAILSNEW (AT_ID,INSTANCE_ID,USER_ID,GIVEN_ANSWER,Q_ID) values (12,12,'mjones','b',2);
Insert into SUBMISSION_DETAILSNEW (AT_ID,INSTANCE_ID,USER_ID,GIVEN_ANSWER,Q_ID) values (12,12,'mjones','a',3);
Insert into SUBMISSION_DETAILSNEW (AT_ID,INSTANCE_ID,USER_ID,GIVEN_ANSWER,Q_ID) values (13,13,'mjones','a',1);
Insert into SUBMISSION_DETAILSNEW (AT_ID,INSTANCE_ID,USER_ID,GIVEN_ANSWER,Q_ID) values (13,13,'mjones','b',2);
Insert into SUBMISSION_DETAILSNEW (AT_ID,INSTANCE_ID,USER_ID,GIVEN_ANSWER,Q_ID) values (13,13,'mjones','c',3);
Insert into SUBMISSION_DETAILSNEW (AT_ID,INSTANCE_ID,USER_ID,GIVEN_ANSWER,Q_ID) values (203,203,'dpatil','5',71);
Insert into SUBMISSION_DETAILSNEW (AT_ID,INSTANCE_ID,USER_ID,GIVEN_ANSWER,Q_ID) values (204,204,'dpatil','aer',83);
Insert into SUBMISSION_DETAILSNEW (AT_ID,INSTANCE_ID,USER_ID,GIVEN_ANSWER,Q_ID) values (203,203,'dpatil',null,81);
Insert into SUBMISSION_DETAILSNEW (AT_ID,INSTANCE_ID,USER_ID,GIVEN_ANSWER,Q_ID) values (203,203,'dpatil','DBMSystem',102);
Insert into SUBMISSION_DETAILSNEW (AT_ID,INSTANCE_ID,USER_ID,GIVEN_ANSWER,Q_ID) values (204,204,'dpatil','ier',83);
Insert into SUBMISSION_DETAILSNEW (AT_ID,INSTANCE_ID,USER_ID,GIVEN_ANSWER,Q_ID) values (204,204,'dpatil','iier',83);
Insert into SUBMISSION_DETAILSNEW (AT_ID,INSTANCE_ID,USER_ID,GIVEN_ANSWER,Q_ID) values (1,1,'mjones','a',1);
Insert into SUBMISSION_DETAILSNEW (AT_ID,INSTANCE_ID,USER_ID,GIVEN_ANSWER,Q_ID) values (141,141,'sjgurav','aer',83);
Insert into SUBMISSION_DETAILSNEW (AT_ID,INSTANCE_ID,USER_ID,GIVEN_ANSWER,Q_ID) values (221,221,'sjgurav','3',69);
Insert into SUBMISSION_DETAILSNEW (AT_ID,INSTANCE_ID,USER_ID,GIVEN_ANSWER,Q_ID) values (221,221,'sjgurav','4',69);
Insert into SUBMISSION_DETAILSNEW (AT_ID,INSTANCE_ID,USER_ID,GIVEN_ANSWER,Q_ID) values (221,221,'sjgurav','2',67);
Insert into SUBMISSION_DETAILSNEW (AT_ID,INSTANCE_ID,USER_ID,GIVEN_ANSWER,Q_ID) values (222,222,'sjgurav','1',70);
Insert into SUBMISSION_DETAILSNEW (AT_ID,INSTANCE_ID,USER_ID,GIVEN_ANSWER,Q_ID) values (222,222,'sjgurav','a',63);
Insert into SUBMISSION_DETAILSNEW (AT_ID,INSTANCE_ID,USER_ID,GIVEN_ANSWER,Q_ID) values (222,222,'sjgurav','3',67);
Insert into SUBMISSION_DETAILSNEW (AT_ID,INSTANCE_ID,USER_ID,GIVEN_ANSWER,Q_ID) values (122,122,'sjgurav','aer',83);
Insert into SUBMISSION_DETAILSNEW (AT_ID,INSTANCE_ID,USER_ID,GIVEN_ANSWER,Q_ID) values (122,122,'sjgurav','aer',83);
Insert into SUBMISSION_DETAILSNEW (AT_ID,INSTANCE_ID,USER_ID,GIVEN_ANSWER,Q_ID) values (122,122,'sjgurav','aer',83);
Insert into SUBMISSION_DETAILSNEW (AT_ID,INSTANCE_ID,USER_ID,GIVEN_ANSWER,Q_ID) values (122,122,'sjgurav','aer',83);
Insert into SUBMISSION_DETAILSNEW (AT_ID,INSTANCE_ID,USER_ID,GIVEN_ANSWER,Q_ID) values (142,142,'sjgurav','aer',83);
Insert into SUBMISSION_DETAILSNEW (AT_ID,INSTANCE_ID,USER_ID,GIVEN_ANSWER,Q_ID) values (161,161,'sjgurav','aer',83);
Insert into SUBMISSION_DETAILSNEW (AT_ID,INSTANCE_ID,USER_ID,GIVEN_ANSWER,Q_ID) values (162,162,'sjgurav','aer',83);
Insert into SUBMISSION_DETAILSNEW (AT_ID,INSTANCE_ID,USER_ID,GIVEN_ANSWER,Q_ID) values (181,181,'sjgurav','aer',83);
Insert into SUBMISSION_DETAILSNEW (AT_ID,INSTANCE_ID,USER_ID,GIVEN_ANSWER,Q_ID) values (181,181,'sjgurav','aer',83);
Insert into SUBMISSION_DETAILSNEW (AT_ID,INSTANCE_ID,USER_ID,GIVEN_ANSWER,Q_ID) values (181,181,'sjgurav','aer',83);
Insert into SUBMISSION_DETAILSNEW (AT_ID,INSTANCE_ID,USER_ID,GIVEN_ANSWER,Q_ID) values (13,13,'mjones','e',5);


--------------------------------------------------------
--  File created - Sunday-November-05-2017   
--------------------------------------------------------
REM INSERTING into TOPICNEW
SET DEFINE OFF;
Insert into TOPICNEW (T_ID,TNAME,C_ID) values (12,'DISK AND STORAGE','CSC440');
Insert into TOPICNEW (T_ID,TNAME,C_ID) values (1,'ER Model','CSC540');
Insert into TOPICNEW (T_ID,TNAME,C_ID) values (2,'SQL','CSC540');
Insert into TOPICNEW (T_ID,TNAME,C_ID) values (3,'Storing Data:Disks and Files','CSC540');
Insert into TOPICNEW (T_ID,TNAME,C_ID) values (4,'Primary File Organization','CSC540');
Insert into TOPICNEW (T_ID,TNAME,C_ID) values (5,'Hashing Techniques','CSC540');
Insert into TOPICNEW (T_ID,TNAME,C_ID) values (6,'Binary Tree Structures','CSC541');
Insert into TOPICNEW (T_ID,TNAME,C_ID) values (7,'AVL Trees','CSC541');
Insert into TOPICNEW (T_ID,TNAME,C_ID) values (8,'Sequential File Organization','CSC541');
Insert into TOPICNEW (T_ID,TNAME,C_ID) values (9,'BinarySearch','CSC440');
Insert into TOPICNEW (T_ID,TNAME,C_ID) values (10,'Interpolation Search','CSC440');
Insert into TOPICNEW (T_ID,TNAME,C_ID) values (11,'Introduction to database design','CSC440');


--------------------------------------------------------
--  File created - Sunday-November-05-2017   
--------------------------------------------------------
REM INSERTING into USERS
SET DEFINE OFF;
Insert into USERS (USER_ID,FNAME,LNAME,TYPE,PASSWORD) values ('dpatil','Deepak','Patil','G','dpatil');
Insert into USERS (USER_ID,FNAME,LNAME,TYPE,PASSWORD) values ('sjgurav','Satish','Gurav','G','sjgurav');
Insert into USERS (USER_ID,FNAME,LNAME,TYPE,PASSWORD) values ('psnagdev','Prashant','Nagdeve','G','psnagdev');
Insert into USERS (USER_ID,FNAME,LNAME,TYPE,PASSWORD) values ('aadeshp2','abhi','patil','G','aadeshp2');
Insert into USERS (USER_ID,FNAME,LNAME,TYPE,PASSWORD) values ('ashinde','abhi','patil','G','aadeshp2');
Insert into USERS (USER_ID,FNAME,LNAME,TYPE,PASSWORD) values ('kogan','Kemafor','Ogan','P','kogan');
Insert into USERS (USER_ID,FNAME,LNAME,TYPE,PASSWORD) values ('rchirkova','Rada','Chirkova','P','rchirkova');
Insert into USERS (USER_ID,FNAME,LNAME,TYPE,PASSWORD) values ('chealey','Christipher','Healey','P','chealey');
Insert into USERS (USER_ID,FNAME,LNAME,TYPE,PASSWORD) values ('tregan','Tom','Regan','U','tregan');
Insert into USERS (USER_ID,FNAME,LNAME,TYPE,PASSWORD) values ('jmick','Jenelle','Mick','G','jmick');
Insert into USERS (USER_ID,FNAME,LNAME,TYPE,PASSWORD) values ('mfisher','Michal','Fisher','U','mfisher');
Insert into USERS (USER_ID,FNAME,LNAME,TYPE,PASSWORD) values ('jander','Joseph','Anderson','U','jander');
Insert into USERS (USER_ID,FNAME,LNAME,TYPE,PASSWORD) values ('jharla','Jitendra','Harlalka','G','jharla');
Insert into USERS (USER_ID,FNAME,LNAME,TYPE,PASSWORD) values ('aneela','Aishwarya','Neelakantan','G','aneela');
Insert into USERS (USER_ID,FNAME,LNAME,TYPE,PASSWORD) values ('mjones','Mary','Jones','G','mjones');
Insert into USERS (USER_ID,FNAME,LNAME,TYPE,PASSWORD) values ('jmoyer','James','Moyer','G','jmoyer');

